{
  "LastDeckCachePid": 22884,
  "AllowExternalAccess": false,
  "ShowGlobalTab": false,
  "ShowConfigurationTab": false,
  "ShowDevTab": false,
  "ShowToolsTab": false,
  "TopRowDefinitionHeight": "295*",
  "BottomRowDefinitionHeight": "175*",
  "SplitterRowDefinitionHeight": "Auto",
  "MsBetweenTicks": 20,
  "InputEventMsDelay": 40,
  "MsBetweenGuiTicks": 1000,
  "WindowX": 361,
  "WindowY": 19,
  "WindowWidth": 536,
  "WindowHeight": 603,
  "LastBot": "DefaultBot",
  "LastRoutine": "DefaultRoutine",
  "EnabledPlugins": [
    "统计"，
    "公告"
  ]
}